<?xml version="1.0" encoding="UTF-8"?>
<beans xmlns = "http://www.springframework.org/schema/beans"
       xmlns:xsi = "http://www.w3.org/2001/XMLSchema-instance"
       xsi:schemaLocation = "http://www.springframework.org/schema/beans
   http://www.springframework.org/schema/beans/spring-beans-3.0.xsd">
    
    <bean id = "student" class = "com.mycompany.autowire.Student" autowire="byType" >
<!--        <property name = "name" value = "Gogo" />-->
    </bean>

    <!-- Definition for spellChecker bean -->
    <bean id = "address" class = "com.mycompany.autowire.Address">
<!--        <property city = "" value = "houston" />-->
    </bean>
    <bean id = "grade" class = "com.mycompany.autowire.Grade">
        <!--<property subject = "JAVA spring" value = "A" />-->
    </bean> 
    
    
    

</beans>
